phase,timestamp,private_bytes,dedicated_resident,dedicated_committed,shared_resident,kmt_error,resident_queries,committed_queries
source_ready,2026-10-09T02:47:15.8114776+08:00,296083456,230825984,230825984,28450816,0,6,8
analysis_1,2026-10-09T02:47:17.1174969+08:00,369041408,230834176,230834176,33759232,0,6,8
closed_1,2026-10-09T02:47:17.8308450+08:00,369037312,230834176,230834176,33759232,0,6,8
analysis_2,2026-10-09T02:47:19.0010245+08:00,402792448,230834176,230834176,33759232,0,6,8
closed_2,2026-10-09T02:47:19.7135734+08:00,402862080,230834176,230834176,33759232,0,6,8
analysis_3,2026-10-09T02:47:20.9181043+08:00,436510720,230834176,230834176,33759232,0,6,8
closed_3,2026-10-09T02:47:21.6307992+08:00,436506624,230834176,230834176,33759232,0,6,8
analysis_4,2026-10-09T02:47:22.8806151+08:00,454402048,230834176,230834176,33759232,0,6,8
closed_4,2026-10-09T02:47:23.5937227+08:00,454406144,230834176,230834176,33759232,0,6,8
analysis_5,2026-10-09T02:47:24.8686391+08:00,455323648,230834176,230834176,33759232,0,6,8
closed_5,2026-10-09T02:47:25.5806050+08:00,455323648,230834176,230834176,33759232,0,6,8
