phase,timestamp,private_bytes,working_set_bytes,gc_total_memory,gc_snapshot_index,gc_snapshot_generation,heap_snapshot_bytes,gc_committed_snapshot_bytes,fragmented_snapshot_bytes,loh_before_snapshot_bytes,loh_after_snapshot_bytes,loh_fragmented_after_snapshot_bytes,gen2_collections,active_operations,running_tasks_weak,alive_luminance,alive_sort,alive_stripe,alive_model,alive_cts,alive_panel,alive_waveform_density,alive_waveform_pixels,alive_waveform_bitmap,alive_heatmap_pixels,alive_heatmap_texture,field_cache,field_cts,pending_complete,dedicated_resident,dedicated_committed,shared_resident,kmt_error
host_start,2026-10-09T02:39:27.2081750+08:00,112369664,163598336,1239320,0,0,0,0,0,0,0,0,0,0,0,0,0,0,0,0,0,0,0,0,0,0,False,False,True,46325760,46325760,5185536,0
host_1,2026-10-09T02:39:27.4065785+08:00,112435200,163729408,1285240,0,0,0,0,0,0,0,0,0,0,0,0,0,0,0,0,0,0,0,0,0,0,False,False,True,46325760,46325760,5185536,0
host_2,2026-10-09T02:39:27.4661716+08:00,112451584,163770368,1309832,0,0,0,0,0,0,0,0,0,0,0,0,0,0,0,0,0,0,0,0,0,0,False,False,True,46325760,46325760,5185536,0
host_3,2026-10-09T02:39:27.5256925+08:00,112472064,163786752,1325864,0,0,0,0,0,0,0,0,0,0,0,0,0,0,0,0,0,0,0,0,0,0,False,False,True,46325760,46325760,5185536,0
host_4,2026-10-09T02:39:27.5857406+08:00,112537600,163815424,1350424,0,0,0,0,0,0,0,0,0,0,0,0,0,0,0,0,0,0,0,0,0,0,False,False,True,46325760,46325760,5185536,0
host_5,2026-10-09T02:39:27.6463855+08:00,112623616,164454400,1366704,0,0,0,0,0,0,0,0,0,0,0,0,0,0,0,0,0,0,0,0,0,0,False,False,True,46325760,46325760,5185536,0
host_6,2026-10-09T02:39:27.7068428+08:00,112627712,164503552,1374928,0,0,0,0,0,0,0,0,0,0,0,0,0,0,0,0,0,0,0,0,0,0,False,False,True,46325760,46325760,5185536,0
host_7,2026-10-09T02:39:27.7678190+08:00,112762880,164737024,1399240,0,0,0,0,0,0,0,0,0,0,0,0,0,0,0,0,0,0,0,0,0,0,False,False,True,46325760,46325760,5185536,0
host_8,2026-10-09T02:39:27.8279986+08:00,112783360,164794368,1414984,0,0,0,0,0,0,0,0,0,0,0,0,0,0,0,0,0,0,0,0,0,0,False,False,True,46325760,46325760,5185536,0
host_9,2026-10-09T02:39:27.8879173+08:00,112791552,164823040,1439528,0,0,0,0,0,0,0,0,0,0,0,0,0,0,0,0,0,0,0,0,0,0,False,False,True,46325760,46325760,5185536,0
host_10,2026-10-09T02:39:27.9482593+08:00,112791552,164904960,1455272,0,0,0,0,0,0,0,0,0,0,0,0,0,0,0,0,0,0,0,0,0,0,False,False,True,46325760,46325760,5185536,0
host_11,2026-10-09T02:39:28.0092473+08:00,112857088,164925440,1471720,0,0,0,0,0,0,0,0,0,0,0,0,0,0,0,0,0,0,0,0,0,0,False,False,True,46325760,46325760,5185536,0
host_12,2026-10-09T02:39:28.0684343+08:00,112857088,164966400,1511152,0,0,0,0,0,0,0,0,0,0,0,0,0,0,0,0,0,0,0,0,0,0,False,False,True,46325760,46325760,5185536,0
host_13,2026-10-09T02:39:28.1277491+08:00,112922624,164978688,1527600,0,0,0,0,0,0,0,0,0,0,0,0,0,0,0,0,0,0,0,0,0,0,False,False,True,46325760,46325760,5185536,0
host_14,2026-10-09T02:39:28.1878917+08:00,112943104,165011456,1535824,0,0,0,0,0,0,0,0,0,0,0,0,0,0,0,0,0,0,0,0,0,0,False,False,True,46325760,46325760,5185536,0
host_15,2026-10-09T02:39:28.2464107+08:00,112947200,165048320,1568464,0,0,0,0,0,0,0,0,0,0,0,0,0,0,0,0,0,0,0,0,0,0,False,False,True,46325760,46325760,5185536,0
source_ready,2026-10-09T02:39:28.7608999+08:00,272097280,249937920,68217928,0,0,0,0,0,0,0,0,0,0,0,0,0,0,0,0,0,0,0,0,0,0,False,False,True,202334208,202334208,24854528,0
open_1,2026-10-09T02:39:30.1430215+08:00,349839360,331309056,68544928,1,2,36298968,102772736,1289968,100577448,34222192,64,1,0,0,1,1,1,1,1,0,0,0,0,0,0,True,True,True,205037568,205037568,31506432,0
closed_1,2026-10-09T02:39:30.1687796+08:00,349843456,331550720,68581064,1,2,36298968,102772736,1289968,100577448,34222192,64,1,0,0,1,1,1,1,1,0,0,0,0,0,0,False,False,True,204906496,204906496,31506432,0
open_2,2026-10-09T02:39:30.6108203+08:00,386072576,368156672,68261704,3,2,36063848,71626752,1054032,35266728,35266728,1044600,3,0,0,1,1,1,1,1,0,0,0,0,0,0,True,True,True,204906496,204906496,31506432,0
closed_2,2026-10-09T02:39:30.6315519+08:00,386068480,368119808,68302624,3,2,36063848,71626752,1054032,35266728,35266728,1044600,3,0,0,1,1,1,1,1,0,0,0,0,0,0,False,False,True,204906496,204906496,31506432,0
open_3,2026-10-09T02:39:31.0615964+08:00,419577856,401825792,135988960,3,2,36063848,71626752,1054032,35266728,35266728,1044600,3,0,0,2,2,2,2,2,1,0,0,0,0,0,True,True,True,204906496,204906496,31506432,0
closed_3,2026-10-09T02:39:31.0838560+08:00,419577856,401874944,136013632,3,2,36063848,71626752,1054032,35266728,35266728,1044600,3,0,0,2,2,2,2,2,1,0,0,0,0,0,False,False,True,204906496,204906496,31506432,0
open_4,2026-10-09T02:39:31.6669526+08:00,387313664,370581504,70615376,4,2,37619128,139034624,422104,169021888,36311264,128,4,0,0,1,1,3,1,1,0,0,0,0,0,0,True,True,True,204906496,204906496,31506432,0
closed_4,2026-10-09T02:39:31.6892614+08:00,387313664,370552832,70655944,4,2,37619128,139034624,422104,169021888,36311264,128,4,0,0,1,1,3,1,1,0,0,0,0,0,0,False,False,True,204906496,204906496,31506432,0
open_5,2026-10-09T02:39:32.0960333+08:00,388362240,371884032,69565488,5,2,38921752,140079104,2760560,103711112,37355800,2089168,5,0,0,1,1,2,1,1,0,0,0,0,0,0,True,True,True,204906496,204906496,31506432,0
closed_5,2026-10-09T02:39:32.1179155+08:00,388362240,371863552,69602336,5,2,38921752,140079104,2760560,103711112,37355800,2089168,5,0,0,1,1,2,1,1,0,0,0,0,0,0,False,False,True,204906496,204906496,31506432,0
open_6,2026-10-09T02:39:32.5226432+08:00,388616192,372203520,69565120,6,2,39005464,140079104,2814208,104755648,37355800,2089168,6,0,0,1,1,2,1,1,0,0,0,0,0,0,True,True,True,204914688,204914688,31989760,0
closed_6,2026-10-09T02:39:32.5454589+08:00,388616192,372183040,69606640,6,2,39005464,140079104,2814208,104755648,37355800,2089168,6,0,0,1,1,2,1,1,0,0,0,0,0,0,False,False,True,204914688,204914688,31989760,0
open_7,2026-10-09T02:39:32.9460919+08:00,374849536,358510592,69593856,7,2,36932840,138121216,765520,104755648,35266728,96,7,0,0,1,1,2,1,1,0,0,0,0,0,0,True,True,True,204914688,204914688,31989760,0
closed_7,2026-10-09T02:39:32.9652036+08:00,374849536,358477824,69638552,7,2,36932840,138121216,765520,104755648,35266728,96,7,0,0,1,1,2,1,1,0,0,0,0,0,0,False,False,True,204914688,204914688,31989760,0
open_8,2026-10-09T02:39:33.3735432+08:00,375795712,359489536,69662856,8,2,38082840,139034624,1855800,102666576,36311264,1044632,8,0,0,1,1,2,1,1,0,0,0,0,0,0,True,True,True,204914688,204914688,31989760,0
closed_8,2026-10-09T02:39:33.3963281+08:00,375795712,359456768,69712200,8,2,38082840,139034624,1855800,102666576,36311264,1044632,8,0,0,1,1,2,1,1,0,0,0,0,0,0,False,False,True,204914688,204914688,31989760,0
open_9,2026-10-09T02:39:33.7956741+08:00,375795712,359563264,69678648,9,2,38261072,139034624,1985784,103711112,36311264,1044632,9,0,0,1,1,2,1,1,0,0,0,0,0,0,True,True,True,204914688,204914688,31989760,0
closed_9,2026-10-09T02:39:33.8543234+08:00,375795712,359559168,69738880,9,2,38261072,139034624,1985784,103711112,36311264,1044632,9,0,0,1,1,2,1,1,0,0,0,0,0,0,False,False,True,204914688,204914688,31989760,0
open_10,2026-10-09T02:39:34.2789033+08:00,307892224,292581376,69695984,10,2,37283048,71757824,1022568,103711112,35266728,96,10,0,0,1,1,2,1,1,0,0,0,0,0,0,True,True,True,204914688,204914688,31989760,0
closed_10,2026-10-09T02:39:34.3265243+08:00,307896320,292556800,69763880,10,2,37283048,71757824,1022568,103711112,35266728,96,10,0,0,1,1,2,1,1,0,0,0,0,0,0,False,False,True,204914688,204914688,31989760,0
open_11,2026-10-09T02:39:34.7975436+08:00,308748288,293625856,69720632,11,2,38335808,72671232,2037200,102666576,36311264,1044632,11,0,0,1,1,2,1,1,0,0,0,0,0,0,True,True,True,204914688,204914688,31989760,0
closed_11,2026-10-09T02:39:34.8194595+08:00,308752384,293605376,69785376,11,2,38335808,72671232,2037200,102666576,36311264,1044632,11,0,0,1,1,2,1,1,0,0,0,0,0,0,False,False,True,204914688,204914688,31989760,0
open_12,2026-10-09T02:39:35.2542209+08:00,307757056,291950592,69764664,12,2,38461176,72671232,2115992,103711112,36311264,1044632,12,0,0,1,1,2,1,1,0,0,0,0,0,0,True,True,True,204914688,204914688,31989760,0
closed_12,2026-10-09T02:39:35.2767089+08:00,307757056,291917824,69821280,12,2,38461176,72671232,2115992,103711112,36311264,1044632,12,0,0,1,1,2,1,1,0,0,0,0,0,0,False,False,True,204914688,204914688,31989760,0
open_13,2026-10-09T02:39:35.7005486+08:00,306843648,291069952,69771968,13,2,37481808,71757824,1152344,103711112,35266728,96,13,0,0,1,1,2,1,1,0,0,0,0,0,0,True,True,True,204914688,204914688,31989760,0
closed_13,2026-10-09T02:39:35.7237145+08:00,306843648,291037184,69826992,13,2,37481808,71757824,1152344,103711112,35266728,96,13,0,0,1,1,2,1,1,0,0,0,0,0,0,False,False,True,204914688,204914688,31989760,0
open_14,2026-10-09T02:39:36.1198566+08:00,307793920,292057088,69769360,14,2,38534568,72671232,2164168,102666576,36311264,1044632,14,0,0,1,1,2,1,1,0,0,0,0,0,0,True,True,True,204914688,204914688,31989760,0
closed_14,2026-10-09T02:39:36.1410167+08:00,307793920,292036608,69826712,14,2,38534568,72671232,2164168,102666576,36311264,1044632,14,0,0,1,1,2,1,1,0,0,0,0,0,0,False,False,True,204914688,204914688,31989760,0
open_15,2026-10-09T02:39:36.5431887+08:00,307793920,292081664,69830864,15,2,38551016,72671232,2155496,103711112,36311264,1044632,15,0,0,1,1,2,1,1,0,0,0,0,0,0,True,True,True,204914688,204914688,31989760,0
closed_15,2026-10-09T02:39:36.5645229+08:00,307793920,292048896,69888432,15,2,38551016,72671232,2155496,103711112,36311264,1044632,15,0,0,1,1,2,1,1,0,0,0,0,0,0,False,False,True,204914688,204914688,31989760,0
before_forced_gc,2026-10-09T02:39:36.5857472+08:00,307793920,292081664,69937776,15,2,38551016,72671232,2155496,103711112,36311264,1044632,15,0,0,1,1,2,1,1,0,0,0,0,0,0,False,False,True,204914688,204914688,31989760,0
after_forced_gc,2026-10-09T02:39:36.6937710+08:00,273539072,257806336,1110856,17,2,1086704,71462912,37408,1044536,0,0,17,0,0,0,0,0,0,0,0,0,0,0,0,0,False,False,True,204914688,204914688,31989760,0
after_capture_close,2026-10-09T02:39:38.7282851+08:00,419319808,372637696,71930648,20,2,39646928,175833088,4181320,38400336,38400336,4178208,20,0,0,1,1,1,1,1,0,1,1,1,1,1,False,False,True,436576256,436576256,33341440,0
