phase,cycle,private_bytes,total_memory_bytes,last_gc_index,last_gc_heap_size_bytes,last_gc_total_committed_bytes,last_gc_fragmented_bytes,gen2_count,last_gc_loh_size_after_bytes,last_gc_loh_fragmented_after_bytes
control.open,1,8126464,659608,0,0,0,0,0,0,0
control.closed,1,8146944,667576,0,0,0,0,0,0,0
control.open,2,8151040,667576,0,0,0,0,0,0,0
control.closed,2,8151040,667576,0,0,0,0,0,0,0
control.open,3,8216576,675800,0,0,0,0,0,0,0
control.closed,3,8216576,675800,0,0,0,0,0,0,0
control.open,4,8216576,684024,0,0,0,0,0,0,0
control.closed,4,8286208,684024,0,0,0,0,0,0,0
control.open,5,8290304,692248,0,0,0,0,0,0,0
control.closed,5,8290304,692248,0,0,0,0,0,0,0
control.open,6,8294400,700472,0,0,0,0,0,0,0
control.closed,6,8294400,700472,0,0,0,0,0,0,0
control.open,7,8294400,700472,0,0,0,0,0,0,0
control.closed,7,8294400,708696,0,0,0,0,0,0,0
control.open,8,8310784,708696,0,0,0,0,0,0,0
control.closed,8,8310784,716920,0,0,0,0,0,0,0
control.open,9,8310784,716920,0,0,0,0,0,0,0
control.closed,9,8310784,725144,0,0,0,0,0,0,0
control.open,10,8310784,725144,0,0,0,0,0,0,0
control.closed,10,8310784,725144,0,0,0,0,0,0,0
control.open,11,8310784,733112,0,0,0,0,0,0,0
control.closed,11,8310784,733112,0,0,0,0,0,0,0
control.open,12,8310784,741336,0,0,0,0,0,0,0
control.closed,12,8376320,741336,0,0,0,0,0,0,0
control.open,13,8376320,749560,0,0,0,0,0,0,0
control.closed,13,8376320,749560,0,0,0,0,0,0,0
control.open,14,8376320,757784,0,0,0,0,0,0,0
control.closed,14,8376320,757784,0,0,0,0,0,0,0
control.open,15,8376320,757784,0,0,0,0,0,0,0
control.closed,15,8376320,766008,0,0,0,0,0,0,0
analysis.open,1,77451264,67752224,1,34992080,35102720,468496,1,34222192,64
analysis.closed,1,77447168,67752224,1,34992080,35102720,468496,1,34222192,64
analysis.open,2,145711104,135195944,1,34992080,35102720,468496,1,34222192,64
analysis.closed,2,145711104,135195944,1,34992080,35102720,468496,1,34222192,64
analysis.open,3,180269056,67729648,2,37081656,136871936,2547416,2,36311264,2089136
analysis.closed,3,180269056,67731464,2,37081656,136871936,2547416,2,36311264,2089136
analysis.open,4,178372608,67785280,3,34992584,134914048,450576,3,34222192,64
analysis.closed,4,178839552,67793504,3,34992584,134914048,450576,3,34222192,64
analysis.open,5,179752960,67767088,4,36104768,135892992,1530552,4,35266728,1044600
analysis.closed,5,179752960,67770376,4,36104768,135892992,1530552,4,35266728,1044600
analysis.open,6,178839552,67774440,5,35068456,134979584,486248,5,34222192,64
analysis.closed,6,178839552,67780152,5,35068456,134979584,486248,5,34222192,64
analysis.open,7,179752960,67782504,6,36121216,135892992,1531088,6,35266728,1044600
analysis.closed,7,179752960,67787800,6,36121216,135892992,1531088,6,35266728,1044600
analysis.open,8,178937856,67888608,7,35084904,134979584,486856,7,34222192,64
analysis.closed,8,178937856,67897792,7,35084904,134979584,486856,7,34222192,64
analysis.open,9,112820224,67847216,8,36229272,69693440,1574184,8,35365088,1044632
analysis.closed,9,112816128,67855360,8,36229272,69693440,1574184,8,35365088,1044632
analysis.open,10,111947776,67855280,9,35192960,68780032,529920,9,34320552,96
analysis.closed,10,111951872,67862976,9,35192960,68780032,529920,9,34320552,96
analysis.open,11,112881664,67865800,10,36245720,69693440,1574760,10,35365088,1044632
analysis.closed,11,112881664,67868064,10,36245720,69693440,1574760,10,35365088,1044632
analysis.open,12,111968256,67871040,11,35209408,68780032,530528,11,34320552,96
analysis.closed,12,111976448,67880296,11,35209408,68780032,530528,11,34320552,96
analysis.open,13,113291264,67883864,12,34173096,68780032,530416,12,33276016,64
analysis.closed,13,113283072,67883864,12,34173096,68780032,530416,12,33276016,64
analysis.open,14,146395136,67887816,13,36262168,103919616,1567448,13,35365088,1044632
analysis.closed,14,146395136,67891264,13,36262168,103919616,1567448,13,35365088,1044632
analysis.open,15,145551360,68091888,14,35225856,135008256,523216,14,34320552,96
analysis.closed,15,145551360,68095944,14,35225856,135008256,523216,14,34320552,96
analysis.after_forced_gc,15,145629184,485024,16,1623400,135729152,1146600,16,1339560,1142928
